Timestamp,Open,High,Low,Close,Volume,Date,Hour
1695375900,8000.4599609375,8035.0498046875,8000.4599609375,8035.0498046875,29727199,2023-09-22,09:45
1695376800,8038.10986328125,8045.6298828125,8002.259765625,8042.81005859375,362425979,2023-09-22,10:00
1695377700,8044.259765625,8074.1201171875,8040.2998046875,8072.60986328125,258266139,2023-09-22,10:15
1695378600,8075.580078125,8093.60986328125,8073.93994140625,8080.830078125,220062869,2023-09-22,10:30
1695379500,8079.93017578125,8080.52978515625,8032.009765625,8050.2900390625,149170036,2023-09-22,10:45
1695380400,8049.33984375,8067.5400390625,8043.83984375,8053.31005859375,148317629,2023-09-22,11:00
1695381300,8054.89013671875,8073.81982421875,8054.64013671875,8070.759765625,121912460,2023-09-22,11:15
1695382200,8071.009765625,8084.39013671875,8068.8798828125,8081.35009765625,90891826,2023-09-22,11:30
1695383100,8078.72998046875,8080.33984375,8064.7001953125,8079.18017578125,82304464,2023-09-22,11:45
1695384000,8078.9501953125,8086.1298828125,8072.490234375,8082.60009765625,89850331,2023-09-22,12:00
1695384900,8083.169921875,8090.41015625,8073.25,8074.08984375,82462616,2023-09-22,12:15
1695385800,8074.240234375,8079.64013671875,8066.990234375,8073.72998046875,55336372,2023-09-22,12:30
1695386700,8079.85009765625,8084.759765625,8077.91015625,8078.8798828125,106235936,2023-09-22,12:45
1695387600,8075.66015625,8075.9501953125,8056.85009765625,8063.77978515625,107948504,2023-09-22,13:00
1695388500,8063.93017578125,8072.5400390625,8056.7998046875,8069.7001953125,84821455,2023-09-22,13:15
1695389400,8069.6201171875,8074.47021484375,8055.8798828125,8073.75,97572465,2023-09-22,13:30
1695390300,8074.60986328125,8088.7998046875,8073.7900390625,8080,138000443,2023-09-22,13:45
1695391200,8080.68994140625,8090.1201171875,8079.33984375,8087.8701171875,150805225,2023-09-22,14:00
1695392100,8088.72998046875,8091.41015625,8048.31982421875,8058.85986328125,161224753,2023-09-22,14:15
1695393000,8059.39990234375,8059.39990234375,8030.22021484375,8032.56982421875,122536814,2023-09-22,14:30
1695393900,8030.97021484375,8047.3701171875,8027.580078125,8028.9501953125,96268239,2023-09-22,14:45
1695394800,8026.7099609375,8026.7099609375,7986.10009765625,7990.10986328125,128130150,2023-09-22,15:00
1695395700,7988.39990234375,8013.52978515625,7981.41015625,7994.009765625,114377274,2023-09-22,15:15
1695396600,7992.919921875,8019.89990234375,7989.7998046875,8019.89990234375,66530944,2023-09-22,15:30
1695397500,8020.39990234375,8023.66015625,8003.93994140625,8020.4599609375,54714194,2023-09-22,15:45
1695398400,8020.0498046875,8045.22998046875,8016,8041.31982421875,91288366,2023-09-22,16:00
1695399300,8040.35986328125,8057.990234375,8038.85009765625,8057.990234375,106892632,2023-09-22,16:15
1695400200,8057.6298828125,8062.64990234375,8030.97998046875,8030.97998046875,112626007,2023-09-22,16:30
1695401100,8029.85986328125,8044.740234375,8021.35009765625,8043.52001953125,76463445,2023-09-22,16:45
1695402000,8044.3701171875,8049.31005859375,8022.669921875,8039.0400390625,96975281,2023-09-22,17:00
1695402900,8038.2001953125,8048.75,8007.68994140625,8019.7001953125,145302672,2023-09-22,17:15
1695403800,8018.259765625,8042.14990234375,8014.1298828125,8016.93994140625,128243900,2023-09-22,17:30
1695404700,8017.14013671875,8038.18017578125,8015.77978515625,8038.18017578125,49095603,2023-09-22,17:45
1695405600,8041.5400390625,8041.5400390625,8039.18017578125,8039.18017578125,261078588,2023-09-22,18:00
1695635100,8039.18017578125,8105.35986328125,8039.18017578125,8105.35986328125,32787390,2023-09-25,09:45
1695636000,8117.06005859375,8143.2001953125,8099.14990234375,8141.68994140625,435030696,2023-09-25,10:00
1695636900,8140.41015625,8146.35009765625,8125.080078125,8142.66015625,264339678,2023-09-25,10:15
1695637800,8141.64013671875,8155.25,8136.31982421875,8154.10986328125,227126973,2023-09-25,10:30
1695638700,8154.080078125,8168.35009765625,8147.2998046875,8162.25,187551251,2023-09-25,10:45
1695639600,8162.990234375,8189.93994140625,8162.990234375,8189.52001953125,169153603,2023-09-25,11:00
1695640500,8189.68017578125,8199.599609375,8184.7900390625,8199.599609375,154873032,2023-09-25,11:15
1695641400,8198.9404296875,8204.5,8178.009765625,8179.740234375,141612695,2023-09-25,11:30
1695642300,8180.14990234375,8202.6396484375,8177.91015625,8195.599609375,146143673,2023-09-25,11:45
1695643200,8197.25,8215.5302734375,8196.75,8213.7001953125,134446759,2023-09-25,12:00
1695644100,8213.419921875,8232.740234375,8209.66015625,8227.490234375,92839838,2023-09-25,12:15
1695645000,8229.1103515625,8237.7001953125,8224.73046875,8237.7001953125,112181423,2023-09-25,12:30
1695645900,8238.240234375,8246.6201171875,8233.759765625,8239.4296875,114541826,2023-09-25,12:45
1695646800,8239.900390625,8244.58984375,8220.669921875,8244.2998046875,174277303,2023-09-25,13:00
1695647700,8244.3798828125,8257.669921875,8242.5498046875,8257.669921875,159161279,2023-09-25,13:15
1695648600,8259.240234375,8265.259765625,8253,8259.5498046875,116872654,2023-09-25,13:30
1695649500,8258.7001953125,8260.830078125,8246.599609375,8260.75,100563406,2023-09-25,13:45
1695650400,8261,8263.900390625,8255.4697265625,8256.490234375,120957427,2023-09-25,14:00
1695651300,8255.16015625,8257.51953125,8242.4501953125,8247.7802734375,99610832,2023-09-25,14:15
1695652200,8247.1298828125,8249.0703125,8237.25,8240.6904296875,110326034,2023-09-25,14:30
1695653100,8239.8603515625,8239.8603515625,8225.849609375,8229.3603515625,97206918,2023-09-25,14:45
1695654000,8228.2998046875,8245.240234375,8227.849609375,8244.3203125,82305609,2023-09-25,15:00
1695654900,8243.669921875,8250.9404296875,8232.6201171875,8232.6201171875,83643136,2023-09-25,15:15
1695655800,8231.9404296875,8232.990234375,8216.009765625,8221.3203125,100653541,2023-09-25,15:30
1695656700,8220.1103515625,8239.169921875,8217.4599609375,8239.169921875,119946591,2023-09-25,15:45
1695657600,8239.6201171875,8251.4296875,8239.6201171875,8247.900390625,48769859,2023-09-25,16:00
1695658500,8252.330078125,8269.7900390625,8249.419921875,8269.240234375,190324313,2023-09-25,16:15
1695659400,8269.9599609375,8284.8798828125,8263.2197265625,8273.6298828125,149002452,2023-09-25,16:30
1695660300,8275.240234375,8285.900390625,8270.1396484375,8284.8701171875,111051018,2023-09-25,16:45
1695661200,8287.0302734375,8294.4599609375,8276.7197265625,8286.150390625,147954925,2023-09-25,17:00
1695662100,8287.669921875,8308.5400390625,8287.669921875,8307.4296875,157537341,2023-09-25,17:15
1695663000,8308.080078125,8309.5703125,8298.759765625,8306.98046875,136104324,2023-09-25,17:30
1695663900,8305.669921875,8311.16015625,8299.9501953125,8311.16015625,240804975,2023-09-25,17:45
1695664800,8309.849609375,8309.849609375,8304.830078125,8304.830078125,104407856,2023-09-25,18:00
1695721500,8304.830078125,8368.509765625,8304.830078125,8368.509765625,41781169,2023-09-26,09:45
1695722400,8376.6904296875,8387.0498046875,8350.080078125,8351.2099609375,523265172,2023-09-26,10:00
1695723300,8350.3896484375,8385.2998046875,8342.3095703125,8384.9599609375,301711123,2023-09-26,10:15
1695724200,8384.01953125,8384.01953125,8328.0302734375,8328.0302734375,231848217,2023-09-26,10:30
1695725100,8321.58984375,8338.2001953125,8291.419921875,8327.9599609375,231521487,2023-09-26,10:45
1695726000,8326.849609375,8341.75,8314.8798828125,8333.08984375,119009857,2023-09-26,11:00
1695726900,8332.5400390625,8353.1103515625,8318.6396484375,8353.1103515625,121325607,2023-09-26,11:15
1695727800,8353.23046875,8356.3203125,8338.7099609375,8343.0595703125,124786464,2023-09-26,11:30
1695728700,8342.66015625,8358.48046875,8340.01953125,8356.6298828125,154445899,2023-09-26,11:45
1695729600,8357.5498046875,8363.2802734375,8348.599609375,8358.349609375,158600044,2023-09-26,12:00
1695730500,8358.919921875,8370.73046875,8352.66015625,8369.4599609375,190629507,2023-09-26,12:15
1695731400,8369.4599609375,8372.3203125,8362.4296875,8371.3095703125,211734539,2023-09-26,12:30
1695732300,8372.83984375,8375.2802734375,8351.849609375,8354.099609375,122041757,2023-09-26,12:45
1695733200,8350.75,8359.080078125,8349.1201171875,8358.25,114461573,2023-09-26,13:00
1695734100,8358.5,8367.9697265625,8358.2998046875,8366.1298828125,176457095,2023-09-26,13:15
1695735000,8366.259765625,8378.2802734375,8363.650390625,8378.2802734375,147589475,2023-09-26,13:30
1695735900,8377.9501953125,8389.3701171875,8372.5703125,8380.41015625,186539419,2023-09-26,13:45
1695736800,8379.73046875,8386.48046875,8374.2197265625,8374.580078125,173484289,2023-09-26,14:00
1695737700,8375.0400390625,8378.1298828125,8344.5302734375,8344.599609375,189295595,2023-09-26,14:15
1695738600,8344,8344,8303.8603515625,8315.3798828125,206539920,2023-09-26,14:30
1695739500,8314.41015625,8314.41015625,8269.25,8303.9697265625,213285306,2023-09-26,14:45
1695740400,8297.419921875,8303.1796875,8257.58984375,8278.0400390625,163609129,2023-09-26,15:00
1695741300,8274.1904296875,8313.150390625,8270.6298828125,8299.9501953125,140680190,2023-09-26,15:15
1695742200,8299.83984375,8312.8203125,8289.349609375,8308.83984375,119382390,2023-09-26,15:30
1695743100,8308.509765625,8309.8701171875,8282.3896484375,8297.099609375,102093998,2023-09-26,15:45
1695744000,8297.259765625,8317.4296875,8296.419921875,8304.2998046875,82920325,2023-09-26,16:00
1695744900,8304.66015625,8330.509765625,8302.5302734375,8325.2998046875,121841914,2023-09-26,16:15
1695745800,8325.1103515625,8330.0498046875,8314.259765625,8329.7802734375,179144382,2023-09-26,16:30
1695746700,8329.5400390625,8373.16015625,8325.419921875,8354.1796875,180723860,2023-09-26,16:45
1695747600,8353.4697265625,8358.7900390625,8305.9599609375,8306.4296875,224226688,2023-09-26,17:00
1695748500,8306.150390625,8314.6796875,8274.080078125,8281.6796875,196796276,2023-09-26,17:15
1695749400,8279.3603515625,8308.91015625,8274.01953125,8281.849609375,160159440,2023-09-26,17:30
1695750300,8280.9697265625,8280.9697265625,8241.650390625,8252.5400390625,257794982,2023-09-26,17:45
1695751200,8254.330078125,8254.330078125,8242.259765625,8242.259765625,102047926,2023-09-26,18:00
1695807900,8242.259765625,8275.1396484375,8242.259765625,8275.1396484375,37074618,2023-09-27,09:45
1695808800,8289.3798828125,8298.169921875,8239.2802734375,8239.2802734375,446285864,2023-09-27,10:00
1695809700,8237.330078125,8252.9404296875,8214.08984375,8244.7802734375,235140353,2023-09-27,10:15
1695810600,8239.76953125,8257.2197265625,8224.830078125,8254.830078125,205278887,2023-09-27,10:30
1695811500,8255.9296875,8275.8798828125,8255.9296875,8266.7802734375,184324316,2023-09-27,10:45
1695812400,8267.0595703125,8270.0498046875,8246.5595703125,8262.259765625,131382798,2023-09-27,11:00
1695813300,8262.3798828125,8274.4697265625,8259.1103515625,8274.330078125,109069883,2023-09-27,11:15
1695814200,8274.1396484375,8274.900390625,8251.51953125,8252.83984375,123276180,2023-09-27,11:30
1695815100,8251.759765625,8268.0595703125,8242.3798828125,8242.3798828125,129106142,2023-09-27,11:45
1695816000,8240.599609375,8247.990234375,8230.58984375,8244.150390625,103803250,2023-09-27,12:00
1695816900,8243.6904296875,8251.6904296875,8238.1904296875,8238.41015625,103067732,2023-09-27,12:15
1695817800,8238.58984375,8238.900390625,8218.58984375,8219.08984375,92201547,2023-09-27,12:30
1695818700,8218.1201171875,8226.080078125,8203.4599609375,8208.7998046875,94077149,2023-09-27,12:45
1695819600,8208.2802734375,8214.9404296875,8198.4599609375,8213.5,75301393,2023-09-27,13:00
1695820500,8213.900390625,8239.58984375,8213.7900390625,8235.080078125,127159117,2023-09-27,13:15
1695821400,8235.0498046875,8235.169921875,8218.5498046875,8233.400390625,81850561,2023-09-27,13:30
1695822300,8233.73046875,8245.5302734375,8231.4697265625,8241.1298828125,83576368,2023-09-27,13:45
1695823200,8241.3203125,8261.240234375,8239.6796875,8240.5,84683783,2023-09-27,14:00
1695824100,8239.900390625,8251.1201171875,8222.330078125,8236.3095703125,76162702,2023-09-27,14:15
1695825000,8235.98046875,8241.0595703125,8229.23046875,8233.6396484375,77487757,2023-09-27,14:30
1695825900,8232.9296875,8246.7998046875,8220.9296875,8221.76953125,72458595,2023-09-27,14:45
1695826800,8221.9599609375,8226.830078125,8201.01953125,8209.1201171875,89107611,2023-09-27,15:00
1695827700,8209.5400390625,8209.5400390625,8184.89990234375,8207.58984375,105713637,2023-09-27,15:15
1695828600,8208.669921875,8208.669921875,8192.5,8194.0400390625,71221369,2023-09-27,15:30
1695829500,8192.9404296875,8196.3701171875,8171.43994140625,8192.400390625,112468846,2023-09-27,15:45
1695830400,8191.419921875,8202.169921875,8188.60986328125,8194.400390625,94224839,2023-09-27,16:00
1695831300,8196.080078125,8221.169921875,8196.080078125,8211.419921875,133481724,2023-09-27,16:15
1695832200,8210.3701171875,8226.0703125,8208.6103515625,8226.0703125,92381947,2023-09-27,16:30
1695833100,8227.099609375,8257.23046875,8227.099609375,8233.1298828125,182987690,2023-09-27,16:45
1695834000,8233.66015625,8287.1201171875,8233.66015625,8266.1796875,162032881,2023-09-27,17:00
1695834900,8270.240234375,8281.7802734375,8260.7998046875,8276.1796875,176122334,2023-09-27,17:15
1695835800,8275.0703125,8284.650390625,8250.900390625,8256.080078125,202260892,2023-09-27,17:30
1695836700,8255.3701171875,8265.8095703125,8229.080078125,8234.5595703125,216191475,2023-09-27,17:45
1695837600,8235.0498046875,8235.0498046875,8213.759765625,8213.759765625,115950578,2023-09-27,18:00
1695894300,8213.759765625,8236.8701171875,8213.759765625,8236.8701171875,30072334,2023-09-28,09:45
1695895200,8241.9404296875,8261.490234375,8226.76953125,8244.6796875,391234016,2023-09-28,10:00
1695897000,8279.009765625,8288.419921875,8274.4599609375,8277.6298828125,418451036,2023-09-28,10:30
1695897900,8278.6298828125,8282.5302734375,8240.9697265625,8249.41015625,176430776,2023-09-28,10:45
1695898800,8249.1796875,8260.740234375,8244.0302734375,8256.5302734375,136976900,2023-09-28,11:00
1695899700,8257.5703125,8276.580078125,8257.5703125,8264.6904296875,102793317,2023-09-28,11:15
1695900600,8260.6103515625,8263.3798828125,8258.7099609375,8259.2001953125,127982294,2023-09-28,11:30
1695901500,8257.98046875,8267.7802734375,8240.580078125,8267.66015625,103750162,2023-09-28,11:45
1695902400,8265.51953125,8267.76953125,8256.669921875,8264.150390625,78824661,2023-09-28,12:00
1695903300,8262.990234375,8269.26953125,8258.0595703125,8267.2900390625,72387276,2023-09-28,12:15
1695904200,8266.4501953125,8276.6298828125,8265.0498046875,8272.3701171875,84161787,2023-09-28,12:30
1695905100,8272.16015625,8275.8798828125,8269.16015625,8275.25,64703234,2023-09-28,12:45
1695906000,8275.25,8277.5302734375,8270.4296875,8272.66015625,74103138,2023-09-28,13:00
1695906900,8271.849609375,8277.2802734375,8258.08984375,8260.169921875,76195110,2023-09-28,13:15
1695907800,8260.33984375,8269.08984375,8258.0703125,8265.830078125,59618345,2023-09-28,13:30
1695908700,8264.919921875,8269.9697265625,8257.669921875,8262.5302734375,64641410,2023-09-28,13:45
1695909600,8263.919921875,8265.66015625,8233.849609375,8241.4501953125,99352193,2023-09-28,14:00
1695910500,8240.900390625,8242.26953125,8220,8238.4697265625,103919970,2023-09-28,14:15
1695911400,8238.0302734375,8248.990234375,8235.23046875,8244.3896484375,58306957,2023-09-28,14:30
1695912300,8244.349609375,8249.580078125,8228.900390625,8244.4404296875,80696857,2023-09-28,14:45
1695913200,8244.1396484375,8256.240234375,8242.240234375,8242.7001953125,73103696,2023-09-28,15:00
1695914100,8243.41015625,8247.33984375,8227.3701171875,8229.7998046875,84652094,2023-09-28,15:15
1695915000,8229.169921875,8231.8798828125,8205.91015625,8222.759765625,119134448,2023-09-28,15:30
1695915900,8222.6103515625,8222.9404296875,8192.7001953125,8192.7001953125,107017988,2023-09-28,15:45
1695916800,8192.5,8221.48046875,8188.72998046875,8220.3603515625,115649867,2023-09-28,16:00
1695917700,8221.5703125,8224.91015625,8207.2900390625,8214.51953125,110329609,2023-09-28,16:15
1695918600,8213.759765625,8233.8896484375,8208.7099609375,8222.4697265625,115862465,2023-09-28,16:30
1695919500,8221.51953125,8243.4599609375,8221.51953125,8226.08984375,117506184,2023-09-28,16:45
1695920400,8224.8701171875,8238.01953125,8218.3701171875,8237.3896484375,110593427,2023-09-28,17:00
1695921300,8237.509765625,8275.58984375,8237.509765625,8255.8798828125,226318859,2023-09-28,17:15
1695922200,8257.26953125,8265.8603515625,8229.98046875,8230.6201171875,212428885,2023-09-28,17:30
1695923100,8230.48046875,8230.48046875,8203.2001953125,8215.1298828125,232083903,2023-09-28,17:45
1695924000,8215.169921875,8218.740234375,8215.169921875,8218.740234375,97613359,2023-09-28,18:00
1695980700,8218.740234375,8251.6298828125,8218.740234375,8251.6298828125,35280079,2023-09-29,09:45
1695981600,8259.5703125,8282.169921875,8254.1201171875,8275.5302734375,407097802,2023-09-29,10:00
1695982500,8274.26953125,8276.330078125,8273.26953125,8274.009765625,9753250,2023-09-29,10:15
1695983400,8297.66015625,8318.490234375,8295.330078125,8316.8798828125,420958031,2023-09-29,10:30
1695984300,8317.3701171875,8332.2900390625,8312.0595703125,8313.900390625,209175488,2023-09-29,10:45
1695985200,8318.1396484375,8345.4404296875,8317.8095703125,8339.1396484375,193259485,2023-09-29,11:00
1695986100,8340.7099609375,8341.66015625,8317.9404296875,8317.9404296875,150334917,2023-09-29,11:15
1695987000,8319.2998046875,8329.900390625,8313.919921875,8319.3701171875,148881356,2023-09-29,11:30
1695987900,8318.2900390625,8318.83984375,8304.2099609375,8313.0302734375,104334375,2023-09-29,11:45
1695988800,8313.490234375,8324.6796875,8308.6796875,8317.8603515625,93969149,2023-09-29,12:00
1695989700,8317.0595703125,8318,8307.1904296875,8309.330078125,72280752,2023-09-29,12:15
1695990600,8309.6396484375,8321.599609375,8309.6396484375,8320.1201171875,83819256,2023-09-29,12:30
1695991500,8320.25,8324.1796875,8314.599609375,8314.650390625,71945532,2023-09-29,12:45
1695992400,8314.01953125,8318.4296875,8303.5595703125,8303.6796875,64786774,2023-09-29,13:00
1695993300,8303.259765625,8314.9501953125,8300.3095703125,8312.4599609375,58715543,2023-09-29,13:15
1695994200,8312.4501953125,8316.849609375,8290.2802734375,8302.98046875,96108628,2023-09-29,13:30
1695995100,8303.8203125,8306.2998046875,8292.5,8292.6298828125,227342317,2023-09-29,13:45
1695996000,8291.91015625,8309.5595703125,8290.8896484375,8304.75,169846482,2023-09-29,14:00
1695996900,8306.009765625,8311.4296875,8296.349609375,8300.8701171875,124752499,2023-09-29,14:15
1695997800,8300.6796875,8312.2197265625,8299.6298828125,8312.01953125,81729208,2023-09-29,14:30
1695998700,8311.75,8319.3095703125,8308.259765625,8314.33984375,97719784,2023-09-29,14:45
1695999600,8314.9599609375,8318.8203125,8311.2001953125,8316.08984375,86298442,2023-09-29,15:00
1696000500,8316.7099609375,8326.1103515625,8308.990234375,8321.0595703125,104826449,2023-09-29,15:15
1696001400,8321.2001953125,8322.8798828125,8313.2197265625,8315.41015625,98534214,2023-09-29,15:30
1696002300,8315.66015625,8338.0302734375,8315.5595703125,8337.3203125,101687785,2023-09-29,15:45
1696003200,8338.9697265625,8351.1298828125,8338.349609375,8348.3701171875,148276201,2023-09-29,16:00
1696004100,8348.4404296875,8349.73046875,8340.259765625,8344.900390625,104517468,2023-09-29,16:15
1696005000,8344.8701171875,8371.4404296875,8343.6396484375,8364.98046875,165374019,2023-09-29,16:30
1696005900,8366.8203125,8378.1103515625,8357.2197265625,8366.6796875,128172536,2023-09-29,16:45
1696006800,8367.349609375,8367.6298828125,8327.169921875,8328.3203125,143071192,2023-09-29,17:00
1696007700,8328.6103515625,8337.009765625,8308.1796875,8326.1298828125,157638872,2023-09-29,17:15
1696008600,8322.58984375,8326.8701171875,8297.5400390625,8305.580078125,187115695,2023-09-29,17:30
1696009500,8303.8896484375,8329.0498046875,8290.740234375,8328.7900390625,221817272,2023-09-29,17:45
1696010400,8329.990234375,8334.9404296875,8329.990234375,8334.9404296875,112695720,2023-09-29,18:00
1696239900,8383.16015625,8383.16015625,8383.16015625,8383.16015625,0,2023-10-02,09:45
1696240800,8398.76953125,8426.4599609375,8380.1796875,8391.259765625,646571440,2023-10-02,10:00
1696241700,8392.8798828125,8402.7001953125,8380.5,8390.5302734375,303535111,2023-10-02,10:15
1696242600,8389.3896484375,8393.5,8368.25,8389.3095703125,238994661,2023-10-02,10:30
1696243500,8388.9599609375,8408.6103515625,8385.740234375,8406.9296875,166414533,2023-10-02,10:45
1696244400,8407.330078125,8416.259765625,8406.3701171875,8411.8798828125,139361790,2023-10-02,11:00
1696245300,8412.2802734375,8433.6103515625,8401.0703125,8433.6103515625,166619886,2023-10-02,11:15
1696246200,8434.4296875,8453.400390625,8430.8603515625,8444,169988175,2023-10-02,11:30
1696247100,8444.900390625,8455.2197265625,8439.1201171875,8439.3095703125,143893771,2023-10-02,11:45
1696248000,8440.6103515625,8449.759765625,8438.990234375,8441.25,116654646,2023-10-02,12:00
1696248900,8441.2197265625,8450.58984375,8434.16015625,8449.3203125,109750138,2023-10-02,12:15
1696249800,8447.9296875,8454.599609375,8440.599609375,8444.740234375,104691292,2023-10-02,12:30
1696250700,8443.5,8445.1796875,8429.5498046875,8440.6201171875,91544514,2023-10-02,12:45
1696251600,8439.080078125,8453.6396484375,8438.7001953125,8450.849609375,103074800,2023-10-02,13:00
1696252500,8451.0302734375,8455.6103515625,8448.5703125,8448.8603515625,64131867,2023-10-02,13:15
1696253400,8448.169921875,8464.3798828125,8447.1796875,8458.580078125,88163643,2023-10-02,13:30
1696254300,8459.08984375,8464.0595703125,8454.330078125,8456.419921875,86185770,2023-10-02,13:45
1696255200,8455.900390625,8467.669921875,8454.2001953125,8464.2099609375,148047523,2023-10-02,14:00
1696256100,8464.150390625,8481.169921875,8459.1201171875,8477,261986952,2023-10-02,14:15
1696257000,8477.3701171875,8477.3701171875,8464.0400390625,8466.58984375,112758797,2023-10-02,14:30
1696257900,8466.0703125,8480.1298828125,8465.650390625,8475.169921875,102408537,2023-10-02,14:45
1696258800,8474.08984375,8476.2998046875,8463.08984375,8467.73046875,112852187,2023-10-02,15:00
1696259700,8465.6396484375,8477.25,8463.5498046875,8470.400390625,87334017,2023-10-02,15:15
1696260600,8470.150390625,8486.150390625,8467.849609375,8484.0498046875,83267370,2023-10-02,15:30
1696261500,8483.5595703125,8487.900390625,8477.7099609375,8487.3701171875,83442646,2023-10-02,15:45
1696262400,8487.8896484375,8509.7099609375,8483.5498046875,8500.0498046875,123579583,2023-10-02,16:00
1696263300,8500.4404296875,8511.1103515625,8499.9599609375,8502.2099609375,111913149,2023-10-02,16:15
1696264200,8501.3095703125,8503.3095703125,8482.8896484375,8490.66015625,108186170,2023-10-02,16:30
1696265100,8490.9599609375,8503.3896484375,8486.25,8491.7001953125,107648369,2023-10-02,16:45
1696266000,8494.4404296875,8499.1103515625,8486.240234375,8487.419921875,166451735,2023-10-02,17:00
1696266900,8485.009765625,8488.5400390625,8472.490234375,8482.0595703125,138841580,2023-10-02,17:15
1696267800,8481.669921875,8484.7998046875,8462.7001953125,8474.5,161842910,2023-10-02,17:30
1696268700,8473.3896484375,8487.490234375,8466.7998046875,8487.490234375,228393151,2023-10-02,17:45
1696269600,8487.08984375,8487.08984375,8486.9599609375,8486.9599609375,102545227,2023-10-02,18:00
1696326300,8486.9599609375,8547.3896484375,8486.9599609375,8547.3896484375,49511248,2023-10-03,09:45
1696327200,8552.099609375,8559.419921875,8529.25,8557.5498046875,580628433,2023-10-03,10:00
1696328100,8555.759765625,8557.9404296875,8535.6298828125,8548.6103515625,313470541,2023-10-03,10:15
1696329000,8548.4296875,8554.2099609375,8532.76953125,8553.9501953125,245300821,2023-10-03,10:30
1696329900,8553.4404296875,8557.669921875,8539.7998046875,8539.7998046875,170679107,2023-10-03,10:45
1696330800,8539.1904296875,8556.6103515625,8533,8553.9501953125,150633864,2023-10-03,11:00
1696331700,8553.58984375,8556.3203125,8545.2099609375,8555.6396484375,156987815,2023-10-03,11:15
1696332600,8554.3798828125,8560.6796875,8546.9501953125,8555.4296875,126272051,2023-10-03,11:30
1696333500,8555.580078125,8562.2001953125,8548.1298828125,8551.080078125,159012560,2023-10-03,11:45
1696334400,8549.0703125,8550.990234375,8536.4599609375,8545.6396484375,127593018,2023-10-03,12:00
1696335300,8545.419921875,8549.1298828125,8520.16015625,8523.0498046875,182607445,2023-10-03,12:15
1696336200,8520.9404296875,8528.9404296875,8519.2900390625,8519.2900390625,110066344,2023-10-03,12:30
1696337100,8517.9697265625,8527.48046875,8508.75,8524.51953125,104980003,2023-10-03,12:45
1696338000,8524.16015625,8531.1904296875,8520.7998046875,8520.7998046875,104218522,2023-10-03,13:00
1696338900,8520,8524.58984375,8515.240234375,8519.490234375,97467615,2023-10-03,13:15
1696339800,8519.48046875,8527.75,8518.330078125,8519.25,88117353,2023-10-03,13:30
1696340700,8518.4697265625,8536.4404296875,8518.25,8523.8896484375,104826720,2023-10-03,13:45
1696341600,8522.08984375,8533.91015625,8521.9599609375,8526.76953125,115289453,2023-10-03,14:00
1696342500,8527.1103515625,8527.2900390625,8478.5498046875,8494.080078125,149596576,2023-10-03,14:15
1696343400,8492.5,8500.1396484375,8480.76953125,8488.759765625,94179253,2023-10-03,14:30
1696344300,8488.5595703125,8499.16015625,8484.400390625,8493.4296875,78526793,2023-10-03,14:45
1696345200,8491.5498046875,8514.5,8486.9296875,8510.259765625,92607767,2023-10-03,15:00
1696346100,8512.3896484375,8516.1396484375,8499.6396484375,8513.169921875,106944411,2023-10-03,15:15
1696347000,8512.7099609375,8513.5595703125,8487.6103515625,8494.599609375,92117411,2023-10-03,15:30
1696347900,8492.2802734375,8519.1201171875,8492.1904296875,8515.83984375,81728630,2023-10-03,15:45
1696348800,8517.919921875,8535.400390625,8517.919921875,8532.5498046875,102621830,2023-10-03,16:00
1696349700,8532.099609375,8546.8701171875,8532.099609375,8539.48046875,87955774,2023-10-03,16:15
1696350600,8538.490234375,8547.26953125,8517.599609375,8529.759765625,102657823,2023-10-03,16:30
1696351500,8530.990234375,8542.9404296875,8524.240234375,8524.240234375,62024222,2023-10-03,16:45
1696352400,8523.7001953125,8532.6103515625,8507.009765625,8508.25,127375273,2023-10-03,17:00
1696353300,8506.7802734375,8517.66015625,8470.6396484375,8471.3603515625,195558425,2023-10-03,17:15
1696354200,8470.259765625,8478.33984375,8462.7998046875,8477.400390625,154676318,2023-10-03,17:30
1696355100,8478.759765625,8518.01953125,8477.75,8517.9404296875,235318543,2023-10-03,17:45
1696356000,8518.599609375,8518.599609375,8513.5400390625,8513.5400390625,134336282,2023-10-03,18:00
1696412700,8513.5400390625,8523.740234375,8513.5400390625,8523.740234375,51288487,2023-10-04,09:45
1696413600,8520.48046875,8533.490234375,8494.98046875,8497.9404296875,546210667,2023-10-04,10:00
1696414500,8496.0302734375,8523.8896484375,8484.25,8484.25,277215419,2023-10-04,10:15
1696415400,8481.6396484375,8485.1103515625,8468.0302734375,8478.9697265625,215391238,2023-10-04,10:30
1696416300,8477.0302734375,8491.1904296875,8454.2998046875,8455.8203125,200225266,2023-10-04,10:45
1696417200,8453.080078125,8457.8798828125,8430.3095703125,8457.8798828125,193462813,2023-10-04,11:00
1696418100,8458.2900390625,8460.8798828125,8430.25,8430.6904296875,143289621,2023-10-04,11:15
1696419000,8426.9697265625,8435.08984375,8403.83984375,8433.4296875,138077463,2023-10-04,11:30
1696419900,8429.5302734375,8451.740234375,8424.6904296875,8449.5400390625,88033716,2023-10-04,11:45
1696420800,8449.009765625,8452.9697265625,8428.5498046875,8431.8701171875,96493979,2023-10-04,12:00
1696421700,8431.8701171875,8445.16015625,8423.2998046875,8440.900390625,127736188,2023-10-04,12:15
1696422600,8439.3203125,8440,8427.01953125,8438.490234375,94790186,2023-10-04,12:30
1696423500,8438.98046875,8452.6904296875,8438.2802734375,8446.5400390625,97556309,2023-10-04,12:45
1696424400,8447.2099609375,8448.509765625,8434.3798828125,8436.330078125,85802227,2023-10-04,13:00
1696425300,8435.9404296875,8466.25,8432.1201171875,8459.1796875,118642358,2023-10-04,13:15
1696426200,8459.669921875,8461.7001953125,8446.650390625,8460.9599609375,84589708,2023-10-04,13:30
1696427100,8460.1298828125,8478.6904296875,8458.1298828125,8478.6298828125,78403926,2023-10-04,13:45
1696428000,8481.349609375,8482.4599609375,8458.66015625,8461.849609375,95154022,2023-10-04,14:00
1696428900,8461.3896484375,8471.240234375,8460,8462.2998046875,103022186,2023-10-04,14:15
1696429800,8462.5703125,8462.5703125,8444.7197265625,8447.4296875,123154293,2023-10-04,14:30
1696430700,8446.7900390625,8451,8438.919921875,8443.9599609375,112755198,2023-10-04,14:45
1696431600,8442.9501953125,8442.9501953125,8418.5,8429.990234375,137651571,2023-10-04,15:00
1696432500,8429.25,8455.7001953125,8424.9501953125,8449.900390625,104257855,2023-10-04,15:15
1696433400,8449.75,8450.5498046875,8421.98046875,8438.4599609375,106052955,2023-10-04,15:30
1696434300,8438.01953125,8458.41015625,8434.83984375,8454.98046875,103871529,2023-10-04,15:45
1696435200,8457.509765625,8462.5400390625,8447.2099609375,8452.6103515625,102048781,2023-10-04,16:00
1696436100,8453.7900390625,8461.5302734375,8427.6103515625,8438.150390625,112185948,2023-10-04,16:15
1696437000,8434.8896484375,8441,8427.3203125,8437.580078125,88856316,2023-10-04,16:30
1696437900,8436.83984375,8438.5703125,8409.9599609375,8409.9599609375,169725394,2023-10-04,16:45
1696438800,8410.0400390625,8426.6201171875,8376.6396484375,8422.669921875,281362440,2023-10-04,17:00
1696439700,8422.01953125,8425.76953125,8363.8095703125,8386.419921875,227025552,2023-10-04,17:15
1696440600,8387.08984375,8413.9501953125,8364.25,8364.25,177185605,2023-10-04,17:30
1696441500,8365.580078125,8373.490234375,8329.01953125,8346.4501953125,318317045,2023-10-04,17:45
1696442400,8348.2099609375,8348.2099609375,8333.1396484375,8333.1396484375,140699768,2023-10-04,18:00
1696499100,8333.1396484375,8386.330078125,8333.1396484375,8386.330078125,43954341,2023-10-05,09:45
1696500000,8403.6298828125,8430.740234375,8375.7998046875,8430.740234375,428293279,2023-10-05,10:00
1696500900,8429.830078125,8431.7802734375,8382.6201171875,8383,220815992,2023-10-05,10:15
1696501800,8380.4296875,8417.3896484375,8373.9599609375,8414.830078125,183485545,2023-10-05,10:30
1696502700,8415.2197265625,8428.6796875,8396.8798828125,8427.6796875,171731617,2023-10-05,10:45
1696503600,8428.0302734375,8448.3701171875,8422.98046875,8442.740234375,163547377,2023-10-05,11:00
1696504500,8443.8896484375,8450.1396484375,8435.08984375,8441.8701171875,126947270,2023-10-05,11:15
1696505400,8444.2099609375,8448.16015625,8432.330078125,8437.3095703125,109859637,2023-10-05,11:30
1696506300,8437.3701171875,8441.3798828125,8426.1298828125,8435.9404296875,83559495,2023-10-05,11:45
1696507200,8435.4599609375,8441.599609375,8430.6396484375,8430.6396484375,68107665,2023-10-05,12:00
1696508100,8430.4404296875,8431.6298828125,8413.3701171875,8418.5400390625,120944053,2023-10-05,12:15
1696509000,8417.2197265625,8423.669921875,8407.4697265625,8423.1201171875,87377568,2023-10-05,12:30
1696509900,8422.7197265625,8429.6298828125,8415.080078125,8423.98046875,90422058,2023-10-05,12:45
1696510800,8425.009765625,8425.3798828125,8395.91015625,8396.650390625,137835424,2023-10-05,13:00
1696511700,8396.240234375,8403.2998046875,8363.41015625,8365.580078125,158815024,2023-10-05,13:15
1696512600,8367.099609375,8368.0302734375,8300.6103515625,8313.5498046875,185132027,2023-10-05,13:30
1696513500,8308.4404296875,8308.4404296875,8233.150390625,8250.76953125,251322978,2023-10-05,13:45
1696514400,8247.1904296875,8260.099609375,8212.9697265625,8224.75,201913749,2023-10-05,14:00
1696515300,8221.8701171875,8239.9501953125,8180.2900390625,8239.9501953125,241397500,2023-10-05,14:15
1696516200,8237.9296875,8270.76953125,8236.009765625,8261.48046875,177243972,2023-10-05,14:30
1696517100,8261.33984375,8299.25,8253.849609375,8281.099609375,174923923,2023-10-05,14:45
1696518000,8278.75,8322.6298828125,8278.3798828125,8281.0400390625,159169755,2023-10-05,15:00
1696518900,8279.5,8298.48046875,8257,8258.98046875,112735858,2023-10-05,15:15
1696519800,8259.41015625,8271.66015625,8234.599609375,8242.3896484375,130619882,2023-10-05,15:30
1696520700,8243.66015625,8311.7998046875,8239.6396484375,8310.6298828125,139144165,2023-10-05,15:45
1696521600,8312.4404296875,8357.3798828125,8312.4404296875,8335.5,176387545,2023-10-05,16:00
1696522500,8335.0302734375,8355.3203125,8315.8603515625,8334.2802734375,129790672,2023-10-05,16:15
1696523400,8333,8344.98046875,8315.6298828125,8339.150390625,153666258,2023-10-05,16:30
1696524300,8339.5595703125,8381.169921875,8327.2998046875,8377.7998046875,267950076,2023-10-05,16:45
1696525200,8381.01953125,8415.8896484375,8368.0703125,8415.7998046875,244797296,2023-10-05,17:00
1696526100,8415.099609375,8481.6796875,8415.099609375,8455.6396484375,327275324,2023-10-05,17:15
1696527000,8453.419921875,8464.2900390625,8421.08984375,8455.4599609375,215014177,2023-10-05,17:30
1696527900,8457.76953125,8495.650390625,8457.6396484375,8481.5400390625,292118921,2023-10-05,17:45
1696528800,8482.6904296875,8487.98046875,8482.6904296875,8487.98046875,115113616,2023-10-05,18:00
1696585500,8487.98046875,8487.98046875,8410.25,8410.25,43045051,2023-10-06,09:45
1696586400,8402.4697265625,8505.0400390625,8397.5498046875,8469.48046875,616035369,2023-10-06,10:00
1696587300,8467.7900390625,8510.8203125,8459.8896484375,8504.169921875,287344962,2023-10-06,10:15
1696588200,8504.4501953125,8505.900390625,8483.66015625,8496.5703125,169909589,2023-10-06,10:30
1696589100,8493.330078125,8503.400390625,8487.7900390625,8490.0400390625,211443391,2023-10-06,10:45
1696590000,8489.4501953125,8506.3603515625,8473.7001953125,8473.7001953125,173827293,2023-10-06,11:00
1696590900,8471.8095703125,8482.5703125,8454.4599609375,8473.9296875,162095508,2023-10-06,11:15
1696591800,8472.08984375,8483.6396484375,8457.150390625,8482.490234375,126333732,2023-10-06,11:30
1696592700,8482.58984375,8483.5302734375,8456.2802734375,8457.169921875,93342827,2023-10-06,11:45
1696593600,8460.08984375,8491.509765625,8460.08984375,8483.0400390625,76759605,2023-10-06,12:00
1696594500,8483.1103515625,8486.669921875,8469.0302734375,8485.5,58739624,2023-10-06,12:15
1696595400,8486.6103515625,8490.1201171875,8476.169921875,8476.51953125,80489612,2023-10-06,12:30
1696596300,8474.0498046875,8474.0498046875,8465.2998046875,8468.2802734375,79189708,2023-10-06,12:45
1696597200,8467.8603515625,8498.669921875,8466.9599609375,8498.2099609375,84961101,2023-10-06,13:00
1696598100,8498.7001953125,8509.150390625,8491.76953125,8496.1796875,82725187,2023-10-06,13:15
1696599000,8494.4697265625,8501.849609375,8484.080078125,8484.099609375,74512095,2023-10-06,13:30
1696599900,8482.669921875,8497.8603515625,8479.1103515625,8497.7802734375,56473872,2023-10-06,13:45
1696600800,8496.5595703125,8500.33984375,8492.83984375,8499.5302734375,73846100,2023-10-06,14:00
1696601700,8499.1103515625,8516.4697265625,8475.7001953125,8476.419921875,167368488,2023-10-06,14:15
1696602600,8475.0400390625,8476.1396484375,8443.150390625,8461.16015625,158160351,2023-10-06,14:30
1696603500,8461.9404296875,8478.5703125,8453.16015625,8468.5498046875,101238826,2023-10-06,14:45
1696604400,8466.7802734375,8482.580078125,8459.3603515625,8477.2900390625,87028361,2023-10-06,15:00
1696605300,8476.6796875,8482.669921875,8463.76953125,8482.2900390625,77848499,2023-10-06,15:15
1696606200,8482.75,8482.75,8448.75,8473.1298828125,120040161,2023-10-06,15:30
1696607100,8472.7802734375,8475.0400390625,8464.169921875,8464.5302734375,85765381,2023-10-06,15:45
1696608000,8460.76953125,8480.3203125,8452.4697265625,8473.25,134278677,2023-10-06,16:00
1696608900,8475.080078125,8513.01953125,8474.7802734375,8491.009765625,124170085,2023-10-06,16:15
1696609800,8491.5498046875,8503.48046875,8487.1298828125,8496.0703125,75808331,2023-10-06,16:30
1696610700,8497.2802734375,8500.900390625,8476.91015625,8488.400390625,92438321,2023-10-06,16:45
1696611600,8483.740234375,8483.740234375,8477.2099609375,8477.5595703125,9304214,2023-10-06,17:00
1696612500,8468.169921875,8493.5302734375,8462.1904296875,8488.9296875,261130151,2023-10-06,17:15
1696613400,8489.6103515625,8490.1201171875,8462.5498046875,8469.419921875,164472833,2023-10-06,17:30
1696614300,8469.4296875,8480.2900390625,8458.490234375,8463.3896484375,222187543,2023-10-06,17:45
1696615200,8463.669921875,8464.9296875,8463.669921875,8464.9296875,105637475,2023-10-06,18:00
1696844700,8464.9296875,8464.9296875,8300.6904296875,8300.6904296875,43243263,2023-10-09,09:45
1696845600,8288.9697265625,8380.9501953125,8273.099609375,8364.099609375,531361833,2023-10-09,10:00
1696846500,8357.9501953125,8383.16015625,8322.5595703125,8333.5,265410733,2023-10-09,10:15
1696847400,8329.41015625,8366.76953125,8329.150390625,8366.650390625,223784032,2023-10-09,10:30
1696848300,8365.4501953125,8377.7001953125,8340.0302734375,8340.0302734375,176070776,2023-10-09,10:45
1696849200,8336.8203125,8377.509765625,8333.76953125,8359.3095703125,178891177,2023-10-09,11:00
1696850100,8352.8896484375,8370.7998046875,8351.6904296875,8356.01953125,110356172,2023-10-09,11:15
1696851000,8353.7099609375,8356.650390625,8338.0595703125,8338.98046875,121786838,2023-10-09,11:30
1696851900,8337.3896484375,8337.3896484375,8320.080078125,8324.650390625,111893173,2023-10-09,11:45
1696852800,8321.5498046875,8338.740234375,8320.7802734375,8331.5703125,119178679,2023-10-09,12:00
1696853700,8332.01953125,8345.349609375,8328.259765625,8334.41015625,80313207,2023-10-09,12:15
1696854600,8332.51953125,8341.7001953125,8322.7197265625,8340.9697265625,72414421,2023-10-09,12:30
1696855500,8340.3603515625,8356.8798828125,8340.33984375,8354.4599609375,68754105,2023-10-09,12:45
1696856400,8354.150390625,8356.740234375,8345.3203125,8356.669921875,64627247,2023-10-09,13:00
1696857300,8356.7998046875,8364.2900390625,8351.7998046875,8356.2099609375,62938761,2023-10-09,13:15
1696858200,8357.7001953125,8359.1796875,8342.740234375,8344.650390625,75591602,2023-10-09,13:30
1696859100,8344.16015625,8362.4697265625,8344.16015625,8358.25,95608203,2023-10-09,13:45
1696860000,8357.830078125,8370.66015625,8357.830078125,8365.259765625,79835790,2023-10-09,14:00
1696860900,8365.6796875,8366.1796875,8349.8701171875,8359.5,59832066,2023-10-09,14:15
1696861800,8359.8603515625,8361.5703125,8350.7802734375,8355.58984375,76021106,2023-10-09,14:30
1696862700,8356.0302734375,8371.91015625,8348.830078125,8357.1904296875,91722853,2023-10-09,14:45
1696863600,8357.1298828125,8370.5703125,8357.1298828125,8364.2802734375,68307206,2023-10-09,15:00
1696864500,8367.8798828125,8367.8798828125,8343.580078125,8353.6796875,69183462,2023-10-09,15:15
1696865400,8355.33984375,8357.1904296875,8321.1201171875,8327.849609375,104635348,2023-10-09,15:30
1696866300,8327.3203125,8327.740234375,8298.26953125,8317.6201171875,110732963,2023-10-09,15:45
1696867200,8316.9296875,8342.6298828125,8315.400390625,8338.23046875,82597797,2023-10-09,16:00
1696868100,8338.2001953125,8349.9599609375,8335.73046875,8349.9599609375,68771555,2023-10-09,16:15
1696869000,8349.8203125,8357.7001953125,8336.6396484375,8344.5498046875,75903847,2023-10-09,16:30
1696869900,8344.01953125,8350.3701171875,8330.1103515625,8349.3095703125,85680631,2023-10-09,16:45
1696870800,8350.4501953125,8353.150390625,8284.8896484375,8289.759765625,157949227,2023-10-09,17:00
1696871700,8290.0400390625,8296.5302734375,8237.4697265625,8237.4697265625,197254055,2023-10-09,17:15
1696872600,8235.3896484375,8258.4296875,8197.8896484375,8254.8701171875,248092957,2023-10-09,17:30
1696873500,8254.23046875,8254.23046875,8200.73046875,8206.7900390625,240672384,2023-10-09,17:45
1696874400,8205.8798828125,8205.8798828125,8193.4404296875,8193.4404296875,151629775,2023-10-09,18:00
1696931100,8193.4404296875,8304.8095703125,8193.4404296875,8304.8095703125,43999585,2023-10-10,09:45
1696932000,8331.48046875,8368.9296875,8324.650390625,8360.6201171875,439299908,2023-10-10,10:00
1696932900,8363.2998046875,8366.51953125,8350.8203125,8365.669921875,225659168,2023-10-10,10:15
1696933800,8367.1904296875,8385.5703125,8367.1298828125,8382.3203125,148656316,2023-10-10,10:30
1696934700,8382.7900390625,8386.08984375,8371.58984375,8374.349609375,131455770,2023-10-10,10:45
1696935600,8375.6201171875,8380.1298828125,8366.4501953125,8370.5498046875,149253216,2023-10-10,11:00
1696936500,8371.509765625,8380.8095703125,8364.169921875,8377.1796875,154113691,2023-10-10,11:15
1696937400,8377.7197265625,8395.349609375,8376.580078125,8392.9404296875,193041579,2023-10-10,11:30
1696938300,8393.5302734375,8415.419921875,8393.5302734375,8402.830078125,158738918,2023-10-10,11:45
1696939200,8406.6103515625,8417.9296875,8406.6103515625,8413.8603515625,149812893,2023-10-10,12:00
1696940100,8412.33984375,8415.830078125,8404.009765625,8406.4501953125,103758612,2023-10-10,12:15
1696941000,8406.400390625,8407.26953125,8396.75,8397.4697265625,105561087,2023-10-10,12:30
1696941900,8397.08984375,8404.1103515625,8392.419921875,8403.4296875,64324806,2023-10-10,12:45
1696942800,8403.3896484375,8408.5302734375,8395.66015625,8398.150390625,81628868,2023-10-10,13:00
1696943700,8397.76953125,8397.76953125,8381.1796875,8382.1103515625,100574005,2023-10-10,13:15
1696944600,8382.080078125,8383.9501953125,8348.9599609375,8363.6298828125,152902370,2023-10-10,13:30
1696945500,8364.51953125,8371.6201171875,8351.6904296875,8365.0595703125,124593252,2023-10-10,13:45
1696946400,8364.4697265625,8384.6796875,8360.51953125,8383.66015625,87013971,2023-10-10,14:00
1696947300,8385.400390625,8388.51953125,8371.6396484375,8376.2197265625,111527535,2023-10-10,14:15
1696948200,8376.58984375,8392.8095703125,8373.91015625,8376.4697265625,75942412,2023-10-10,14:30
1696949100,8375.8603515625,8375.8603515625,8347.990234375,8366.9599609375,91587739,2023-10-10,14:45
1696950000,8365.33984375,8384.9599609375,8365.33984375,8384.9599609375,62152974,2023-10-10,15:00
1696950900,8385.8203125,8397.7802734375,8382.3203125,8392.6103515625,70206405,2023-10-10,15:15
1696951800,8394.0595703125,8405.7802734375,8389.419921875,8395.849609375,81149955,2023-10-10,15:30
1696952700,8395.7802734375,8398.7900390625,8384.330078125,8397.3203125,73932843,2023-10-10,15:45
1696953600,8397.4599609375,8425.08984375,8397.0302734375,8413.740234375,114729981,2023-10-10,16:00
1696954500,8415.7197265625,8419.0302734375,8406.9697265625,8415.23046875,79999225,2023-10-10,16:15
1696955400,8415.5400390625,8418.5703125,8386.25,8386.66015625,89391895,2023-10-10,16:30
1696956300,8384.900390625,8397.740234375,8377.4501953125,8395.400390625,105554115,2023-10-10,16:45
1696957200,8396.75,8444.7001953125,8396.6103515625,8435.150390625,157809466,2023-10-10,17:00
1696958100,8435.3603515625,8439.7099609375,8421.66015625,8434.599609375,142340147,2023-10-10,17:15
1696959000,8435.099609375,8449.349609375,8422.8798828125,8431.2998046875,203011513,2023-10-10,17:30
1696959900,8431.919921875,8450.73046875,8429.7001953125,8438.91015625,241777458,2023-10-10,17:45
1696960800,8438.66015625,8442.7900390625,8438.259765625,8442.7900390625,85930265,2023-10-10,18:00
1697017500,8442.7900390625,8482.3701171875,8442.7900390625,8482.3701171875,38453161,2023-10-11,09:45
1697018400,8490.3701171875,8504.169921875,8469.5400390625,8492.0703125,471816421,2023-10-11,10:00
1697019300,8492.0498046875,8518.8603515625,8488.509765625,8518.8603515625,254787888,2023-10-11,10:15
1697020200,8516.58984375,8518.1396484375,8490.7998046875,8491.25,163656857,2023-10-11,10:30
1697021100,8489.009765625,8490.8603515625,8433.1796875,8458.330078125,205658091,2023-10-11,10:45
1697022000,8456.400390625,8456.5703125,8424.6103515625,8439.330078125,150006148,2023-10-11,11:00
1697022900,8439.6904296875,8454.240234375,8405.3203125,8411.009765625,141787790,2023-10-11,11:15
1697023800,8411.150390625,8429.76953125,8408.0302734375,8419.3603515625,126829288,2023-10-11,11:30
1697024700,8416.169921875,8439.5703125,8412.8095703125,8424.6201171875,116371512,2023-10-11,11:45
1697025600,8425.490234375,8434.240234375,8411.5400390625,8423.91015625,93644675,2023-10-11,12:00
1697026500,8424.0703125,8438.01953125,8405.58984375,8409.6103515625,103669600,2023-10-11,12:15
1697027400,8406.7197265625,8420.919921875,8390.5302734375,8419.2802734375,102051515,2023-10-11,12:30
1697028300,8418.75,8418.75,8404.25,8413.7197265625,62598155,2023-10-11,12:45
1697029200,8411.849609375,8427.1298828125,8408.98046875,8418.830078125,90987812,2023-10-11,13:00
1697030100,8419.1103515625,8424,8404.8095703125,8409.2001953125,54580650,2023-10-11,13:15
1697031000,8408.7998046875,8420.3798828125,8407.75,8413.5498046875,61008574,2023-10-11,13:30
1697031900,8413.75,8420.3701171875,8404.25,8404.8095703125,52909200,2023-10-11,13:45
1697032800,8404.66015625,8414.740234375,8389.990234375,8394.5400390625,63345671,2023-10-11,14:00
1697033700,8397.23046875,8400.349609375,8378.91015625,8393.080078125,84978600,2023-10-11,14:15
1697034600,8390.5302734375,8392.1396484375,8369.5498046875,8386.0498046875,71950394,2023-10-11,14:30
1697035500,8385.599609375,8386.0302734375,8370.9599609375,8374.7998046875,61509995,2023-10-11,14:45
1697036400,8373.6103515625,8394.41015625,8373.6103515625,8388.9599609375,73357698,2023-10-11,15:00
1697037300,8389.2099609375,8395.33984375,8384.7197265625,8389.509765625,51019254,2023-10-11,15:15
1697038200,8388.919921875,8388.919921875,8356.5400390625,8377.3603515625,99736389,2023-10-11,15:30
1697039100,8375.830078125,8387.25,8359.580078125,8385.9501953125,92752072,2023-10-11,15:45
1697040000,8385.259765625,8399,8381.6796875,8382.3203125,80004243,2023-10-11,16:00
1697040900,8381.6796875,8396.8603515625,8377.8896484375,8383.169921875,88056716,2023-10-11,16:15
1697041800,8382.419921875,8385.080078125,8359.9697265625,8380.5595703125,103816751,2023-10-11,16:30
1697042700,8380.1796875,8381.2998046875,8338.0595703125,8354.4697265625,141328774,2023-10-11,16:45
1697043600,8355.240234375,8368.919921875,8327.08984375,8366.6201171875,135580813,2023-10-11,17:00
1697044500,8367,8374.01953125,8327.58984375,8337.5400390625,131316028,2023-10-11,17:15
1697045400,8336.150390625,8350.4404296875,8316.150390625,8327.6298828125,140141183,2023-10-11,17:30
1697046300,8327.8203125,8371.080078125,8319.1904296875,8335.6298828125,193035856,2023-10-11,17:45
1697047200,8336.2197265625,8336.2197265625,8330.6396484375,8330.6396484375,135746129,2023-10-11,18:00
1697103900,8330.6396484375,8440.5400390625,8330.6396484375,8440.5400390625,41238955,2023-10-12,09:45
1697104800,8455.48046875,8466.1796875,8428.5703125,8438.3603515625,335859160,2023-10-12,10:00
1697105700,8440.650390625,8444.5302734375,8422.330078125,8424.9404296875,200254868,2023-10-12,10:15
1697106600,8423.5498046875,8458.26953125,8423.5498046875,8457.3603515625,170643837,2023-10-12,10:30
1697107500,8460.0595703125,8466.3798828125,8452.7197265625,8465.1298828125,176368305,2023-10-12,10:45
1697108400,8465.650390625,8469.6904296875,8445.0498046875,8450.25,157087400,2023-10-12,11:00
1697109300,8449.91015625,8459.3701171875,8442.400390625,8444.7802734375,93470677,2023-10-12,11:15
1697110200,8446.599609375,8453.7001953125,8441.240234375,8453.23046875,96331501,2023-10-12,11:30
1697111100,8453.1201171875,8470.990234375,8452.9501953125,8465.76953125,109499026,2023-10-12,11:45
1697112000,8466.1396484375,8467.25,8457.6396484375,8459.580078125,70162760,2023-10-12,12:00
1697112900,8459.66015625,8463.23046875,8455.2099609375,8458.6396484375,61464931,2023-10-12,12:15
1697113800,8458.7197265625,8460.240234375,8448.009765625,8450.7001953125,70556230,2023-10-12,12:30
1697114700,8450.41015625,8450.7802734375,8437.98046875,8447.6396484375,73895651,2023-10-12,12:45
1697115600,8446.1298828125,8446.1298828125,8435.0498046875,8442.599609375,73143393,2023-10-12,13:00
1697116500,8443.1904296875,8447.5703125,8440.8701171875,8447.5703125,55625395,2023-10-12,13:15
1697117400,8447.33984375,8451.0595703125,8440.73046875,8441.7197265625,74811665,2023-10-12,13:30
1697118300,8441.2099609375,8442.5498046875,8438.5595703125,8439.33984375,24658413,2023-10-12,13:45
1697119200,8436.3603515625,8436.3603515625,8420.009765625,8424.6904296875,170552117,2023-10-12,14:00
1697120100,8423.73046875,8441.0302734375,8422.7802734375,8436.259765625,68304388,2023-10-12,14:15
1697121000,8437.0302734375,8438.6396484375,8359.76953125,8360.8896484375,205398448,2023-10-12,14:30
1697121900,8360.01953125,8374.080078125,8297.849609375,8316.919921875,306307484,2023-10-12,14:45
1697122800,8314.73046875,8324.1904296875,8227.509765625,8234.9599609375,280637920,2023-10-12,15:00
1697123700,8235.3798828125,8313.5703125,8228.1904296875,8284.6796875,176539439,2023-10-12,15:15
1697124600,8280.8896484375,8290,8259.6201171875,8279.849609375,116902333,2023-10-12,15:30
1697125500,8279.2099609375,8280.4296875,8231.169921875,8234.08984375,127752631,2023-10-12,15:45
1697126400,8232.1396484375,8253.8798828125,8212.7197265625,8239.4501953125,125903730,2023-10-12,16:00
1697127300,8241.2099609375,8276.650390625,8241.2099609375,8255.3095703125,105031455,2023-10-12,16:15
1697128200,8254.6396484375,8256.7099609375,8155.3798828125,8155.3798828125,156508309,2023-10-12,16:30
1697129100,8154.31005859375,8154.72021484375,8089.25,8089.25,209143709,2023-10-12,16:45
1697130000,8089.33984375,8147.4599609375,8085.830078125,8139.68994140625,129149903,2023-10-12,17:00
1697130900,8093.6201171875,8099.669921875,8064.9501953125,8064.9501953125,221164843,2023-10-12,17:15
1697131800,8063.83984375,8158.5,8055.2900390625,8156.72021484375,179272677,2023-10-12,17:30
1697132700,8158.10986328125,8250.7900390625,8156.31005859375,8246.6796875,276691434,2023-10-12,17:45
1697133600,8247.8701171875,8259.26953125,8247.8701171875,8259.26953125,89841861,2023-10-12,18:00
1697190300,8259.26953125,8259.26953125,8242.2900390625,8242.2900390625,21088203,2023-10-13,09:45
1697191200,8227.6103515625,8232.849609375,8160.1201171875,8178.66015625,284236589,2023-10-13,10:00
1697192100,8175.06982421875,8228.48046875,8170.18017578125,8214.23046875,187157442,2023-10-13,10:15
1697193000,8213.990234375,8217.599609375,8185.56982421875,8192.98046875,115772199,2023-10-13,10:30
1697193900,8192.2802734375,8192.2802734375,8133.169921875,8134.0498046875,120013613,2023-10-13,10:45
1697194800,8132.27978515625,8158.77978515625,8127.330078125,8157.58984375,117593069,2023-10-13,11:00
1697195700,8157.47998046875,8157.85986328125,8134.5498046875,8144.85986328125,78707555,2023-10-13,11:15
1697196600,8146.3701171875,8149.7998046875,8108.7900390625,8109.4599609375,84240515,2023-10-13,11:30
1697197500,8110.10009765625,8115.60009765625,8088.81982421875,8109.0498046875,104408330,2023-10-13,11:45
1697198400,8111.8798828125,8141.2099609375,8109.39013671875,8134.52978515625,87147980,2023-10-13,12:00
1697199300,8136.240234375,8139.7998046875,8123.64013671875,8136.6201171875,58755521,2023-10-13,12:15
1697200200,8136.27001953125,8142.419921875,8128.72021484375,8136.8701171875,42600015,2023-10-13,12:30
1697201100,8136.2001953125,8136.2001953125,8107.77001953125,8112.759765625,48622368,2023-10-13,12:45
1697202000,8108.35009765625,8116.18994140625,8102.080078125,8111.35986328125,48195753,2023-10-13,13:00
1697202900,8110.64013671875,8138.75,8110.64013671875,8127.83984375,49716674,2023-10-13,13:15
1697203800,8127.97998046875,8134.5498046875,8097.22021484375,8097.39013671875,54237938,2023-10-13,13:30
1697204700,8096.41015625,8126.1298828125,8096.41015625,8125.85986328125,60980863,2023-10-13,13:45
1697205600,8127.77001953125,8146.22998046875,8127.77001953125,8145.0400390625,65701011,2023-10-13,14:00
1697206500,8146.2001953125,8154.68017578125,8132.43994140625,8142.009765625,75089756,2023-10-13,14:15
1697207400,8140.5498046875,8140.5498046875,8109.509765625,8111.490234375,77043722,2023-10-13,14:30
1697208300,8111.08984375,8132.52001953125,8111.08984375,8117.83984375,50040493,2023-10-13,14:45
1697209200,8118.56005859375,8150.93017578125,8118.169921875,8142.14013671875,68688958,2023-10-13,15:00
1697210100,8144.75,8155.740234375,8129.2001953125,8133.2099609375,80007657,2023-10-13,15:15
1697211000,8132.60986328125,8132.72021484375,8100.85009765625,8109.64990234375,100727410,2023-10-13,15:30
1697211900,8107.93017578125,8107.93017578125,8074.18017578125,8074.31982421875,100368164,2023-10-13,15:45
1697212800,8074.2998046875,8112.0400390625,8072.02001953125,8096.60986328125,100404736,2023-10-13,16:00
1697213700,8096.2900390625,8131.52001953125,8091.419921875,8114.0498046875,91433615,2023-10-13,16:15
1697214600,8115.22998046875,8141.33984375,8103.7001953125,8136.60986328125,82260192,2023-10-13,16:30
1697215500,8138.16015625,8170.740234375,8131.14990234375,8167.77001953125,129528283,2023-10-13,16:45
1697216400,8169.0498046875,8200.0703125,8169.0498046875,8195.4697265625,152515021,2023-10-13,17:00
1697217300,8199.0302734375,8208.3701171875,8159.25,8169.740234375,138079407,2023-10-13,17:15
1697218200,8167.6298828125,8180.85009765625,8147.0498046875,8166.60986328125,134386762,2023-10-13,17:30
1697219100,8168.68017578125,8172.2001953125,8112.259765625,8117.259765625,193513897,2023-10-13,17:45
1697220000,8118.47021484375,8118.47021484375,8113.2998046875,8113.2998046875,81676458,2023-10-13,18:00
1697449500,8113.2998046875,8228.490234375,8113.2998046875,8228.490234375,32054012,2023-10-16,09:45
1697450400,8239.7802734375,8252.3203125,8153.9599609375,8153.9599609375,355966026,2023-10-16,10:00
1697451300,8153.06982421875,8153.33984375,8091.85986328125,8099.080078125,206337406,2023-10-16,10:15
1697452200,8097.7001953125,8097.7001953125,8036.5400390625,8068.85009765625,171738806,2023-10-16,10:30
1697453100,8062.18994140625,8068.919921875,8024.52978515625,8047.93017578125,145275412,2023-10-16,10:45
1697454000,8044.43994140625,8051.06005859375,7992.91015625,8042.60009765625,150264661,2023-10-16,11:00
1697454900,8041.14013671875,8049.3798828125,8014.830078125,8035.06982421875,100192745,2023-10-16,11:15
1697455800,8035.4599609375,8055.4599609375,8019.08984375,8031.990234375,138386409,2023-10-16,11:30
1697456700,8030.2001953125,8079.5,8026.81005859375,8076.31982421875,103184251,2023-10-16,11:45
1697457600,8076.8798828125,8093.68994140625,8064.490234375,8089.81982421875,78596357,2023-10-16,12:00
1697458500,8089.89990234375,8095.740234375,8051.22021484375,8055.43017578125,83894555,2023-10-16,12:15
1697459400,8053.7998046875,8077.56982421875,8053.7998046875,8058.14013671875,56921488,2023-10-16,12:30
1697460300,8059.02978515625,8069.66015625,8043.5400390625,8044.77001953125,58079196,2023-10-16,12:45
1697461200,8044.52001953125,8065.06005859375,8021.8798828125,8025.16015625,63412573,2023-10-16,13:00
1697462100,8022.06982421875,8027.6298828125,8008.35009765625,8019.77001953125,74692827,2023-10-16,13:15
1697463000,8019.39990234375,8024.509765625,7978.1201171875,7985.93994140625,89161798,2023-10-16,13:30
1697463900,7987.3701171875,7995.02001953125,7967.16015625,7969.52001953125,96648874,2023-10-16,13:45
1697464800,7971.7001953125,7999,7967.93017578125,7976.259765625,80877417,2023-10-16,14:00
1697465700,7976.10986328125,7988.509765625,7968.9501953125,7971.81005859375,69987042,2023-10-16,14:15
1697466600,7972.27001953125,7996.47998046875,7960.93994140625,7987.1298828125,79273733,2023-10-16,14:30
1697467500,7987.2099609375,7993.830078125,7987.02001953125,7991.31982421875,7088987,2023-10-16,14:45
1697468400,8011.58984375,8013.85986328125,7990.10986328125,8006.759765625,131710133,2023-10-16,15:00
1697469300,8007.22998046875,8034.97998046875,8006.85009765625,8019.2099609375,68569408,2023-10-16,15:15
1697470200,8018.43017578125,8037.080078125,8011.240234375,8031.22021484375,57090631,2023-10-16,15:30
1697471100,8031.22998046875,8033.02001953125,8005.1201171875,8014.5400390625,58677580,2023-10-16,15:45
1697472000,8014.43017578125,8014.43017578125,7975.5400390625,7981.93017578125,75536958,2023-10-16,16:00
1697472900,7980.10986328125,8002.43017578125,7979.240234375,7991.58984375,71618738,2023-10-16,16:15
1697473800,7991.06982421875,7998.56982421875,7961.2001953125,7973.43994140625,72022158,2023-10-16,16:30
1697474700,7974.68994140625,8036.2998046875,7968.009765625,8035.4501953125,109191401,2023-10-16,16:45
1697475600,8037.47998046875,8040.6298828125,7983.1201171875,8009.02978515625,112095445,2023-10-16,17:00
1697476500,8010.60009765625,8049.97998046875,8000.91015625,8000.91015625,124012178,2023-10-16,17:15
1697477400,7999.43017578125,8023.72998046875,7978.10009765625,7979.080078125,113174927,2023-10-16,17:30
1697478300,7978.240234375,7978.490234375,7926.64013671875,7937.7998046875,194006237,2023-10-16,17:45
1697479200,7938.8798828125,7938.8798828125,7934.56005859375,7934.56005859375,87756091,2023-10-16,18:00
1697535900,7934.56005859375,7962.60009765625,7934.56005859375,7962.60009765625,23742952,2023-10-17,09:45
1697536800,7975.0400390625,7995.330078125,7910.35009765625,7995.1201171875,308823930,2023-10-17,10:00
1697537700,8000.93017578125,8044.259765625,8000.22021484375,8020.18994140625,215442866,2023-10-17,10:15
1697538600,8026.97998046875,8030.9501953125,7978.2900390625,7986.39990234375,131631619,2023-10-17,10:30
1697539500,7982.35986328125,8005.56982421875,7966.830078125,7967.06982421875,112141360,2023-10-17,10:45
1697540400,7964.56982421875,7973.60009765625,7947.77001953125,7965.06005859375,91529361,2023-10-17,11:00
1697541300,7964.68017578125,7980.08984375,7955.919921875,7977.580078125,60217457,2023-10-17,11:15
1697542200,7976.3798828125,7984.18994140625,7966.5,7972.8798828125,54564287,2023-10-17,11:30
1697543100,7971.91015625,7985.9599609375,7966.2099609375,7983.759765625,58866488,2023-10-17,11:45
1697544000,7983.02001953125,7983.2099609375,7935.85986328125,7941.08984375,68244052,2023-10-17,12:00
1697544900,7937.1298828125,7945.080078125,7931.22998046875,7935.7099609375,60811086,2023-10-17,12:15
1697545800,7934.419921875,7941.08984375,7915.81982421875,7935.8798828125,57532687,2023-10-17,12:30
1697546700,7935.14990234375,7936.52978515625,7919.7998046875,7932.02001953125,36695269,2023-10-17,12:45
1697547600,7930.06982421875,7934.0400390625,7920.35986328125,7923.60009765625,33503737,2023-10-17,13:00
1697548500,7922.080078125,7947.47021484375,7908.33984375,7941.85009765625,82536141,2023-10-17,13:15
1697549400,7942.2099609375,7942.2099609375,7918.259765625,7921.1201171875,45103434,2023-10-17,13:30
1697550300,7921.64013671875,7937.33984375,7920.68994140625,7937,43449840,2023-10-17,13:45
1697551200,7935.7099609375,7962.81005859375,7934.490234375,7962.81005859375,74473217,2023-10-17,14:00
1697552100,7964.64990234375,7977.5,7961.35986328125,7968.4501953125,83097342,2023-10-17,14:15
1697553000,7968.64013671875,7969.9501953125,7941.6298828125,7943.7001953125,47046681,2023-10-17,14:30
1697553900,7942.509765625,7972.759765625,7941.02978515625,7972.759765625,47850906,2023-10-17,14:45
1697554800,7974.85009765625,7988.509765625,7960.41015625,7964.2900390625,76713712,2023-10-17,15:00
1697555700,7964.3798828125,8017.0400390625,7963.72021484375,8017.0400390625,78749127,2023-10-17,15:15
1697556600,8017.39990234375,8030.8701171875,8002.3798828125,8030.8701171875,83498381,2023-10-17,15:30
1697557500,8030.08984375,8032.5498046875,8006.83984375,8032.5498046875,90765274,2023-10-17,15:45
1697558400,8035,8060.75,8029.41015625,8051.56982421875,159760269,2023-10-17,16:00
1697559300,8053.02978515625,8054.22998046875,8029.77978515625,8037,112140441,2023-10-17,16:15
1697560200,8037.02001953125,8057.16015625,8021.580078125,8049.85986328125,127967963,2023-10-17,16:30
1697561100,8049.08984375,8079.64013671875,8040.89990234375,8079.64013671875,130601657,2023-10-17,16:45
1697562000,8083.68017578125,8100.0400390625,8075.10986328125,8099.5400390625,168538800,2023-10-17,17:00
1697562900,8101.8701171875,8104.3701171875,8055.7998046875,8056.919921875,125883646,2023-10-17,17:15
1697563800,8060.5,8081.009765625,8049.10986328125,8070.35009765625,112004004,2023-10-17,17:30
1697564700,8070.10009765625,8109.60986328125,8070.10009765625,8108.22021484375,197804806,2023-10-17,17:45
1697565600,8109.02001953125,8115.009765625,8109.02001953125,8115.009765625,76841150,2023-10-17,18:00
1697622300,8115.009765625,8115.009765625,7964.6298828125,7964.6298828125,27992404,2023-10-18,09:45
1697623200,7961.06005859375,8009.18994140625,7948.1298828125,7974.6201171875,287068784,2023-10-18,10:00
1697624100,7973.60009765625,8012.6298828125,7972.8798828125,8010.39013671875,127622372,2023-10-18,10:15
1697625000,8007.10009765625,8014.91015625,7988.08984375,7992.68994140625,111023114,2023-10-18,10:30
1697625900,7992.64990234375,7993.3701171875,7938.10009765625,7961.169921875,127365028,2023-10-18,10:45
1697626800,7959.39990234375,7963.77978515625,7934.419921875,7950.169921875,87650318,2023-10-18,11:00
1697627700,7950,7980.68017578125,7949.169921875,7980.43994140625,66000156,2023-10-18,11:15
1697628600,7980.56005859375,8003.08984375,7977.52001953125,7993.81982421875,74455153,2023-10-18,11:30
1697629500,7993.080078125,7994.3798828125,7964.18017578125,7966.52001953125,55949891,2023-10-18,11:45
1697630400,7967.1298828125,7983.4599609375,7963.47998046875,7979.85986328125,44883018,2023-10-18,12:00
1697631300,7979.31005859375,7979.31005859375,7963.52001953125,7970.75,41455570,2023-10-18,12:15
1697632200,7970.759765625,7981.7998046875,7960.83984375,7961.0498046875,51589983,2023-10-18,12:30
1697633100,7959.97021484375,7976.81005859375,7956.06982421875,7972.080078125,54045620,2023-10-18,12:45
1697634000,7971.39013671875,7988.2900390625,7968.39990234375,7982.759765625,43895697,2023-10-18,13:00
1697634900,7982.509765625,7985.5,7971.91015625,7975.8701171875,47974859,2023-10-18,13:15
1697635800,7977,7983.5,7973.22998046875,7974.52001953125,39613432,2023-10-18,13:30
1697636700,7974.60986328125,7974.7099609375,7951.68017578125,7951.7998046875,74245214,2023-10-18,13:45
1697637600,7951.89013671875,7956.39013671875,7921.64990234375,7929.580078125,90054200,2023-10-18,14:00
1697638500,7932.97998046875,7941.7099609375,7913.6201171875,7935.68994140625,71755495,2023-10-18,14:15
1697639400,7932.31982421875,7949.58984375,7922.56982421875,7949.47998046875,51142320,2023-10-18,14:30
1697640300,7948.2001953125,7957.39013671875,7942.60009765625,7953.77978515625,50486273,2023-10-18,14:45
1697641200,7954.7001953125,7957.8701171875,7937.8701171875,7951.1201171875,58089639,2023-10-18,15:00
1697642100,7950.97998046875,7956.2998046875,7928.240234375,7936.8701171875,52809501,2023-10-18,15:15
1697643000,7936.14013671875,7941.580078125,7931.97021484375,7938.08984375,31332545,2023-10-18,15:30
1697643900,7938.41015625,7938.490234375,7908.490234375,7908.81005859375,72504474,2023-10-18,15:45
1697644800,7907.47998046875,7916.77978515625,7868.759765625,7869.31005859375,125618490,2023-10-18,16:00
1697645700,7868.2099609375,7889.5400390625,7859.6201171875,7866.43994140625,127596447,2023-10-18,16:15
1697646600,7863.02978515625,7888.2998046875,7859.89013671875,7878.52978515625,80778186,2023-10-18,16:30
1697647500,7877.18994140625,7907.93994140625,7875,7884.39013671875,75651332,2023-10-18,16:45
1697648400,7882.47998046875,7886.4501953125,7846.1201171875,7852.2998046875,127643292,2023-10-18,17:00
1697649300,7852.02978515625,7915.02001953125,7845.72998046875,7890.81005859375,156287665,2023-10-18,17:15
1697650200,7891.240234375,7896.259765625,7859.97021484375,7861.419921875,113408046,2023-10-18,17:30
1697651100,7862.08984375,7869.7001953125,7837.0498046875,7843.0400390625,168242330,2023-10-18,17:45
1697652000,7843.75,7843.75,7842.66015625,7842.66015625,108542919,2023-10-18,18:00
1697708700,7842.66015625,7868,7842.66015625,7868,18167953,2023-10-19,09:45
1697709600,7886.52978515625,7913.43017578125,7874.990234375,7913.06982421875,226337501,2023-10-19,10:00
1697710500,7914.64990234375,7931.5400390625,7882.2998046875,7898.31005859375,148573937,2023-10-19,10:15
1697711400,7896.18017578125,7898.6201171875,7832.52978515625,7845.259765625,140908368,2023-10-19,10:30
1697712300,7844.06982421875,7880.18017578125,7838.8798828125,7877.4599609375,95296755,2023-10-19,10:45
1697713200,7875.89013671875,7891.1298828125,7854.7001953125,7854.7001953125,85939306,2023-10-19,11:00
1697714100,7853.68017578125,7884.75,7850.3798828125,7881.10009765625,69103192,2023-10-19,11:15
1697715000,7880.990234375,7908.22021484375,7880.5,7908.22021484375,98741766,2023-10-19,11:30
1697715900,7906.43994140625,7924.830078125,7898.919921875,7922.1298828125,85096585,2023-10-19,11:45
1697716800,7922.33984375,7932.97021484375,7911.83984375,7912.8798828125,77341461,2023-10-19,12:00
1697717700,7913.43017578125,7917.919921875,7899.93994140625,7904.3798828125,54066843,2023-10-19,12:15
1697718600,7903.83984375,7921.81005859375,7903.56982421875,7918.1298828125,47028681,2023-10-19,12:30
1697719500,7917.990234375,7919.58984375,7908.35009765625,7916.27978515625,39273201,2023-10-19,12:45
1697720400,7917.31005859375,7930.52978515625,7908.669921875,7925.5498046875,67220906,2023-10-19,13:00
1697721300,7926.35009765625,7945.490234375,7923.83984375,7945.18994140625,66924628,2023-10-19,13:15
1697722200,7944.39990234375,7955.27001953125,7939.25,7954.08984375,74267774,2023-10-19,13:30
1697723100,7954.509765625,7957.97998046875,7940.6298828125,7944.27978515625,65560522,2023-10-19,13:45
1697724000,7948.06005859375,7957.72021484375,7936.2099609375,7942.89990234375,68093114,2023-10-19,14:00
1697724900,7942.83984375,7952.080078125,7935.89013671875,7944.490234375,55346587,2023-10-19,14:15
1697725800,7944.83984375,7949.8701171875,7932.330078125,7945.41015625,61170696,2023-10-19,14:30
1697726700,7944.9599609375,7971.35986328125,7943.72998046875,7959.10986328125,84667047,2023-10-19,14:45
1697727600,7960.830078125,7961.6201171875,7933.77978515625,7935.8701171875,68856124,2023-10-19,15:00
1697728500,7936.93017578125,7936.93017578125,7913.35009765625,7921.47998046875,69297237,2023-10-19,15:15
1697729400,7918.8701171875,7918.990234375,7883.490234375,7884.6201171875,85728811,2023-10-19,15:30
1697730300,7882.259765625,7882.259765625,7837.85009765625,7837.85009765625,137790906,2023-10-19,15:45
1697731200,7831.7998046875,7868.14013671875,7831.7998046875,7860.02001953125,93879355,2023-10-19,16:00
1697732100,7860.419921875,7860.419921875,7806.93994140625,7821.06982421875,119759675,2023-10-19,16:15
1697733000,7819.330078125,7831.97021484375,7783.72021484375,7826.8701171875,129894097,2023-10-19,16:30
1697733900,7831.22998046875,7834.35009765625,7798.7998046875,7831.5498046875,96531133,2023-10-19,16:45
1697734800,7830.35009765625,7834.10986328125,7784.830078125,7784.830078125,101839445,2023-10-19,17:00
1697735700,7782.22998046875,7791.25,7756.35009765625,7773.16015625,116844013,2023-10-19,17:15
1697736600,7776.25,7791.39013671875,7731.4501953125,7731.4501953125,126897039,2023-10-19,17:30
1697737500,7730.1201171875,7775.85986328125,7728.81005859375,7775.6201171875,143199751,2023-10-19,17:45
1697738400,7776.41015625,7776.41015625,7769.02978515625,7769.02978515625,68305642,2023-10-19,18:00
1697795100,7769.02978515625,7769.02978515625,7691.02001953125,7691.02001953125,15096531,2023-10-20,09:45
1697796000,7686.3798828125,7690.52978515625,7635.47021484375,7642.02978515625,300038545,2023-10-20,10:00
1697796900,7638.3701171875,7656.91015625,7609.31982421875,7625.0400390625,170162912,2023-10-20,10:15
1697797800,7622.6201171875,7677.490234375,7622.6201171875,7676.6298828125,159922255,2023-10-20,10:30
1697798700,7675.52978515625,7710.759765625,7675.52978515625,7692.06982421875,136042596,2023-10-20,10:45
1697799600,7690.9599609375,7692.83984375,7645.08984375,7645.1201171875,100392401,2023-10-20,11:00
1697800500,7644.169921875,7662.740234375,7641.60986328125,7662.52978515625,88066631,2023-10-20,11:15
1697801400,7662.97021484375,7664.08984375,7643.18994140625,7644.91015625,68504695,2023-10-20,11:30
1697802300,7643.97998046875,7648.0498046875,7626.14990234375,7631.25,96062591,2023-10-20,11:45
1697803200,7628.1298828125,7635.41015625,7616.9599609375,7632.18994140625,65878143,2023-10-20,12:00
1697804100,7630.5498046875,7630.5498046875,7603.93017578125,7607.18017578125,70394707,2023-10-20,12:15
1697805000,7607.85986328125,7607.85986328125,7584.5498046875,7585.080078125,78249548,2023-10-20,12:30
1697805900,7582.14990234375,7628.740234375,7569.89013671875,7628.169921875,87232421,2023-10-20,12:45
1697806800,7628.5400390625,7637.919921875,7616.68017578125,7617.35986328125,61783176,2023-10-20,13:00
1697807700,7617.85986328125,7639.4599609375,7615.2099609375,7624.580078125,41514638,2023-10-20,13:15
1697808600,7624.81982421875,7635.60009765625,7615.259765625,7629.77001953125,49181156,2023-10-20,13:30
1697809500,7624.0400390625,7624.0400390625,7600.43017578125,7615.16015625,48675934,2023-10-20,13:45
1697810400,7615.31982421875,7616.6298828125,7588.1298828125,7609.58984375,47870285,2023-10-20,14:00
1697811300,7609.47021484375,7610.669921875,7582.64990234375,7595.41015625,46065469,2023-10-20,14:15
1697812200,7595.10986328125,7599.2900390625,7567.18017578125,7567.89013671875,46064650,2023-10-20,14:30
1697813100,7565.009765625,7588.16015625,7549.9501953125,7584.5498046875,72012036,2023-10-20,14:45
1697814000,7586.580078125,7608.919921875,7568.18017578125,7608.919921875,75068900,2023-10-20,15:00
1697814900,7609.5498046875,7619.35009765625,7584.77978515625,7584.77978515625,74182486,2023-10-20,15:15
1697815800,7584.2900390625,7608,7581.81005859375,7594.02978515625,66290999,2023-10-20,15:30
1697816700,7595.81982421875,7609.2998046875,7575.41015625,7579.02978515625,111307205,2023-10-20,15:45
1697817600,7578.02001953125,7589.56005859375,7567.27978515625,7581.7900390625,106813666,2023-10-20,16:00
1697818500,7581.33984375,7604.47998046875,7572.18994140625,7572.18994140625,100227484,2023-10-20,16:15
1697819400,7572.759765625,7572.759765625,7540.06005859375,7544.240234375,119647420,2023-10-20,16:30
1697820300,7543.68994140625,7569.85986328125,7528.3701171875,7529.64990234375,94127839,2023-10-20,16:45
1697821200,7528.14990234375,7569.14990234375,7522.8701171875,7524.77978515625,110381112,2023-10-20,17:00
1697822100,7528.93994140625,7549.22021484375,7518.919921875,7530.68017578125,110711904,2023-10-20,17:15
1697823000,7540.16015625,7547.16015625,7470.35986328125,7479.259765625,159962698,2023-10-20,17:30
1697823900,7478.240234375,7508.64013671875,7447.39013671875,7507.22998046875,182468754,2023-10-20,17:45
1697824800,7508.08984375,7510.68017578125,7508.08984375,7510.68017578125,82962060,2023-10-20,18:00
